words,category
financial,educational
statement,educational
balance,educational
sheet,educational
income,educational
cash,educational
flow,educational
assets,educational
liabilities,educational
textbooks,educational
workbooks,educational
worksheets,educational
handouts,educational
lesson,educational
plans,educational
study,educational
guides,educational
flashcards,educational
educational,educational
games,educational
interactive,educational
whiteboards,educational
visual,educational
aids,educational
audiovisual,educational
materials,educational
manipulatives,educational
teaching,educational
reference,educational
books,educational
software,educational
online,educational
courses,educational
e-books,educational
videos,educational
learning,educational
modules,educational
posters,educational
activity,educational
sheets,educational
assessment,educational
lab,educational
equipment,educational
models,educational
puzzles,educational
toys,educational
multimedia,educational
resources,educational
digital,educational
databases,educational
apps,educational
simulations,educational
classroom,educational
displays,educational
demonstrations,educational
graphic,educational
organizers,educational
activities,educational
kits,educational
diagrams,educational
presentations,educational
experiments,educational
tutorials,educational
websites,educational
projects,educational
science,educational
articles,educational
podcasts,educational
quizzes,educational
maps,educational
infographics,educational
documents,educational
handbooks,educational
questionnaires,educational
exercises,educational
manuals,educational
blueprints,educational
portfolios,educational
outlines,educational
agendas,educational
objectives,educational
summaries,educational
schedules,educational
activity,educational
questions,educational
examples,educational
exercises,educational
definitions,educational
diagrams,educational
problems,educational
solutions,educational
illustrations,educational
notes,educational
annotations,educational
appendix,educational
bibliography,educational
case,educational
studies,educational
chapter,educational
reviews,educational
conclusions,educational
glossary,educational
index,educational
introduction,educational
objectives,educational
outcomes,educational
preparation,educational
questions,educational
reviews,educational
key,educational
terms,educational
summary,educational
supplemental,educational
reading,educational
syllabus,educational
teaching,educational
materials,educational
test,educational
questions,educational
units,educational
vocabulary,educational
workshops,educational
financial,financial
statement,financial
balance,financial
sheet,financial
income,financial
cash,financial
flow,financial
assets,financial
liabilities,financial
equity,financial
revenue,financial
expenses,financial
profit,financial
loss,financial
net,financial
gross,financial
margin,financial
operating,financial
cost,financial
depreciation,financial
amortization,financial
interest,financial
tax,financial
ebitda,financial
audit,financial
accounting,financial
bookkeeping,financial
ledger,financial
transaction,financial
bank,financial
loan,financial
credit,financial
debit,financial
investment,financial
dividend,financial
share,financial
stock,financial
bond,financial
market,financial
value,financial
return,financial
risk,financial
rate,financial
currency,financial
exchange,financial
foreign,financial
hedging,financial
derivative,financial
valuation,financial
portfolio,financial
management,financial
capital,financial
budget,financial
forecast,financial
analysis,financial
liquidity,financial
solvency,financial
efficiency,financial
ratio,financial
benchmark,financial
reporting,financial
disclosure,financial
standard,financial
gaap,financial
ifrs,financial
sec,financial
annual,financial
quarterly,financial
fiscal,financial
year,financial
earnings,financial
recognition,financial
expenditure,financial
operating,financial
investing,financial
financing,financial
working,financial
receivable,financial
payable,financial
debt,financial
ebit,financial
profitability,financial
income,financial
expense,financial
amortization,financial
turnover,financial
investment,financial
dcf,financial
npv,financial
write-off,financial
reserves,financial
revaluation,financial
per,financial
share,financial
eps,financial
yield,financial
coverage,financial
roa,financial
roe,financial
dcf,financial
npv,financial
compliance,financial
fraud,financial
divestiture,financial
merger,financial
acquisition,financial
model,financial
forecasting,financial
projections,financial
benchmarking,financial
word,category
legal,legal
statement,legal
balance,legal
sheet,legal
income,legal
cash,legal
flow,legal
assets,legal
liabilities,legal
equity,legal
revenue,legal
expenses,legal
profit,legal
loss,legal
net,legal
gross,legal
margin,legal
operating,legal
cost,legal
depreciation,legal
amortization,legal
interest,legal
tax,legal
ebitda,legal
audit,legal
accounting,legal
bookkeeping,legal
ledger,legal
transaction,legal
bank,legal
loan,legal
credit,legal
debit,legal
investment,legal
dividend,legal
share,legal
stock,legal
bond,legal
market,legal
value,legal
return,legal
risk,legal
rate,legal
currency,legal
exchange,legal
foreign,legal
hedging,legal
derivative,legal
valuation,legal
portfolio,legal
management,legal
capital,legal
budget,legal
forecast,legal
analysis,legal
liquidity,legal
solvency,legal
efficiency,legal
ratio,legal
benchmark,legal
reporting,legal
disclosure,legal
standard,legal
gaap,legal
ifrs,legal
sec,legal
annual,legal
quarterly,legal
fiscal,legal
year,legal
earnings,legal
recognition,legal
expenditure,legal
operating,legal
investing,legal
financing,legal
working,legal
receivable,legal
payable,legal
debt,legal
ebit,legal
profitability,legal
income,legal
expense,legal
amortization,legal
turnover,legal
investment,legal
dcf,legal
npv,legal
write-off,legal
reserves,legal
revaluation,legal
per,legal
share,legal
eps,legal
yield,legal
coverage,legal
roa,legal
roe,legal
dcf,legal
npv,legal
compliance,legal
fraud,legal
divestiture,legal
merger,legal
acquisition,legal
model,legal
forecasting,legal
projections,legal
benchmarking,legal
agreement,legal
contract,legal
parties,legal
terms,legal
conditions,legal
payment,legal
delivery,legal
effective,legal
amendment,legal
term,legal
termination,legal
obligations,legal
confidentiality,legal
indemnification,legal
representations,legal
warranties,legal
liability,legal
jurisdiction,legal
dispute,legal
resolution,legal
governing,legal
law,legal
compensation,legal
mutual,legal
binding,legal
renewal,legal
license,legal
royalties,legal
exclusivity,legal
insurance,legal
audit,legal
notices,legal
conflicts,legal
force majeure,legal
compliance,legal
assignment,legal
waiver,legal
severability,legal
entire agreement,legal
execution,legal
date,legal
authorized,legal
representative,legal
survival,legal
amendments,legal
performance,legal
breach,legal
remedies,legal
negotiate,legal
counterparts,legal
expenses,legal
applicable law,legal
confidential information,legal
reasonable,legal
good faith,legal
interpretation,legal
enforceable,legal
invalid,legal
void,legal
amend,legal
execute,legal
ratify,legal
understand,legal
cooperate,legal
recitals,legal
approval,legal
consent,legal
authority,legal
negotiation,legal
counterparty,legal
jurisdictional,legal
obligated,legal
notification,legal
force majeure event,legal
cooperation,legal
binding upon,legal
expirations,legal
dispute arising,legal
entire understanding,legal
hereinafter,legal
forthwith,legal
word,category
medical,medical
patient,medical
record,medical
medical,medical
history,medical
examination,medical
diagnosis,medical
treatment,medical
prescription,medical
medication,medical
dosage,medical
symptoms,medical
condition,medical
allergies,medical
vital,medical
signs,medical
lab,medical
results,medical
procedure,medical
consultation,medical
referral,medical
insurance,medical
coverage,medical
billing,medical
payment,medical
appointment,medical
follow-up,medical
admission,medical
discharge,medical
prognosis,medical
recovery,medical
disability,medical
genetic,medical
screening,medical
immunization,medical
counseling,medical
therapy,medical
rehabilitation,medical
preventive,medical
care,medical
surgery,medical
anesthesia,medical
complication,medical
medication,medical
interaction,medical
side,medical
effects,medical
pharmacy,medical
dispense,medical
dosage,medical
compliance,medical
healthcare,medical
provider,medical
physician,medical
nurse,medical
specialist,medical
pharmacist,medical
paramedic,medical
laboratory,medical
technician,medical
radiologist,medical
dietician,medical
anesthesiologist,medical
phlebotomist,medical
insurance,medical
company,medical
policy,medical
coverage,medical
benefits,medical
claim,medical
authorization,medical
deductible,medical
copayment,medical
hipaa,medical
privacy,medical
informed,medical
consent,medical
advance,medical
directive,medical
emergency,medical
contact,medical
medical,medical
history,medical
family,medical
history,medical
genetic,medical
information,medical
primary,medical
care,medical
specialty,medical
care,medical
emergency,medical
care,medical
urgent,medical
care,medical
chronic,medical
acute,medical
prognosis,medical
diagnosis,medical
treatment,medical
medication,medical
prescription,medical
referral,medical
laboratory,medical
test,medical
imaging,medical
scan,medical
procedure,medical
surgery,medical
recovery,medical
follow-up,medical
complication,medical
symptom,medical
pain,medical
discomfort,medical
fatigue,medical
nausea,medical
dizziness,medical
shortness,medical
of,medical
breath,medical
fever,medical
headache,medical
insomnia,medical
depression,medical
anxiety,medical
diet,medical
exercise,medical
lifestyle,medical
smoking,medical
alcohol,medical
substance,medical
abuse,medical
screening,medical
vaccination,medical
immunization,medical
preventive,medical
care,medical
wellness,medical
health,medical
education,medical
counseling,medical
rehabilitation,medical
physical,medical
therapy,medical
occupational,medical
therapy,medical
speech,medical
therapy,medical
assistive,medical
devices,medical
home,medical
care,medical
hospice,medical
care,medical
palliative,medical
care,medical
insurance,medical
claim,medical
billing,medical
payment,medical
coverage,medical
authorization,medical
deductible,medical
copayment,medical
out-of-pocket,medical
eob,medical
explanation,medical
of,medical
benefits,medical
support,medical
doctor,medical
paramedics,medical
psychiatric,medical
psychiatrist,medical
sender,business correspondence
recipient,business correspondence
subject,business correspondence
body,business correspondence
attachment,business correspondence
inbox,business correspondence
outbox,business correspondence
drafts,business correspondence
sent,business correspondence
items,business correspondence
trash,business correspondence
junk,business correspondence
mail,business correspondence
forward,business correspondence
reply,business correspondence
reply,business correspondence
cc,business correspondence
(carbon,business correspondence
copy),business correspondence
bcc,business correspondence
(blind,business correspondence
carbon,business correspondence
copy),business correspondence
signature,business correspondence
header,business correspondence
footer,business correspondence
priority,business correspondence
flag,business correspondence
mark,business correspondence
read,business correspondence
mark,business correspondence
unread,business correspondence
archive,business correspondence
folder,business correspondence
filter,business correspondence
search,business correspondence
sort,business correspondence
attachment,business correspondence
spam,business correspondence
folder,business correspondence
label,business correspondence
attachment,business correspondence
preview,business correspondence
attachment,business correspondence
dear,business correspondence
[recipient's,business correspondence
name],business correspondence
sincerely,business correspondence
regards,business correspondence
thank,business correspondence
please,business correspondence
attached,business correspondence
enclosed,business correspondence
reference,business correspondence
inquire,business correspondence
attached,business correspondence
reference,business correspondence
email,business correspondence
appreciate,business correspondence
prompt,business correspondence
apologize,business correspondence
inconvenience,business correspondence
cooperation,business correspondence
greatly,business correspondence
appreciated,business correspondence
hesitate,business correspondence
contact,business correspondence
questions,business correspondence
best,business correspondence
regards,business correspondence
faithfully,business correspondence
look,business correspondence
forward,business correspondence
hearing,business correspondence
soon.,business correspondence
corporate,business correspondence
professional,business correspondence
business,business correspondence
management,business correspondence
executive,business correspondence
leadership,business correspondence
teamwork,business correspondence
collaboration,business correspondence
strategy,business correspondence
planning,business correspondence
organization,business correspondence
structure,business correspondence
efficiency,business correspondence
productivity,business correspondence
innovation,business correspondence
excellence,business correspondence
quality,business correspondence
integrity,business correspondence
ethics,business correspondence
accountability,business correspondence
responsibility,business correspondence
authority,business correspondence
decision-making,business correspondence
communication,business correspondence
negotiation,business correspondence
diplomacy,business correspondence
networking,business correspondence
relationship,business correspondence
partnership,business correspondence
cooperation,business correspondence
synergy,business correspondence
collaboration,business correspondence
coordination,business correspondence
liaison,business correspondence
interaction,business correspondence
engagement,business correspondence
initiative,business correspondence
resourcefulness,business correspondence
adaptability,business correspondence
flexibility,business correspondence
resilience,business correspondence
problem-solving,business correspondence
critical,business correspondence
thinking,business correspondence
analytical,business correspondence
strategic,business correspondence
visionary,business correspondence
goal-oriented,business correspondence
results-driven,business correspondence
performance,business correspondence
achievement,business correspondence
success,business correspondence
progress,business correspondence
development,business correspondence
growth,business correspondence
expansion,business correspondence
market,business correspondence
competition,business correspondence
customer,business correspondence
client,business correspondence
stakeholder,business correspondence
shareholder,business correspondence
investor,business correspondence
revenue,business correspondence
profit,business correspondence
cost,business correspondence
budget,business correspondence
forecast,business correspondence
analysis,business correspondence
report,business correspondence
presentation,business correspondence
proposal,business correspondence
recommendation,business correspondence
decision,business correspondence
implementation,business correspondence
evaluation,business correspondence
feedback,business correspondence
review,business correspondence
audit,business correspondence
compliance,business correspondence
regulation,business correspondence
policy,business correspondence
procedure,business correspondence
protocol,business correspondence
standard,business correspondence
benchmark,business correspondence
best,business correspondence
practices,business correspondence
optimization,business correspondence
efficiency,business correspondence
productivity,business correspondence
performance,business correspondence
effectiveness,business correspondence
excellence,business correspondence
innovation,business correspondence
adaptation,business correspondence
continuity,business correspondence
stability,business correspondence
reputation,business correspondence
branding,business correspondence
image,business correspondence
legacy,business correspondence
work,business correspondence
job,business correspondence
career,business correspondence
employment,business correspondence
office,business correspondence
workplace,business correspondence
colleagues,business correspondence
team,business correspondence
manager,business correspondence
supervisor,business correspondence
employee,business correspondence
employer,business correspondence
staff,business correspondence
company,business correspondence
organization,business correspondence
business,business correspondence
industry,business correspondence
sector,business correspondence
corporation,business correspondence
firm,business correspondence
enterprise,business correspondence
professionalism,business correspondence
ethical,business correspondence
integrity,business correspondence
accountability,business correspondence
responsibility,business correspondence
initiative,business correspondence
efficiency,business correspondence
productivity,business correspondence
effectiveness,business correspondence
performance,business correspondence
achievement,business correspondence
success,business correspondence
goal,business correspondence
objective,business correspondence
target,business correspondence
deadline,business correspondence
project,business correspondence
task,business correspondence
assignment,business correspondence
responsibility,business correspondence
role,business correspondence
position,business correspondence
title,business correspondence
promotion,business correspondence
progress,business correspondence
development,business correspondence
growth,business correspondence
improvement,business correspondence
innovation,business correspondence
change,business correspondence
adaptability,business correspondence
flexibility,business correspondence
communication,business correspondence
collaboration,business correspondence
cooperation,business correspondence
teamwork,business correspondence
leadership,business correspondence
management,business correspondence
supervision,business correspondence
delegation,business correspondence
decision-making,business correspondence
problem-solving,business correspondence
critical,business correspondence
thinking,business correspondence
analytical,business correspondence
strategic,business correspondence
planning,business correspondence
organizing,business correspondence
scheduling,business correspondence
budgeting,business correspondence
forecasting,business correspondence
analysis,business correspondence
reporting,business correspondence
documentation,business correspondence
presentation,business correspondence
meeting,business correspondence
conference,business correspondence
seminar,business correspondence
workshop,business correspondence
training,business correspondence
mentorship,business correspondence
coaching,business correspondence
feedback,business correspondence
review,business correspondence
evaluation,business correspondence
assessment,business correspondence
performance,business correspondence
appraisal,business correspondence
recognition,business correspondence
reward,business correspondence
compensation,business correspondence
benefits,business correspondence
salary,business correspondence
pay,business correspondence
wage,business correspondence
bonus,business correspondence
incentive,business correspondence
perks,business correspondence
professional,business correspondence
development,business correspondence
networking,business correspondence
etiquette,business correspondence
headline,news
article,news
news,news
report,news
story,news
coverage,news
breaking,news
latest,news
update,news
exclusive,news
analysis,news
opinion,news
editorial,news
feature,news
investigative,news
expose,news
press,news
media,news
journalist,news
reporter,news
correspondent,news
anchor,news
presenter,news
journal,news
newspaper,news
magazine,news
publication,news
press,news
release,news
source,news
interview,news
quote,news
statement,news
fact,news
information,news
details,news
evidence,news
data,news
statistics,news
research,news
findings,news
witness,news
eye-witness,news
account,news
testimony,news
documentation,news
proof,news
verification,news
confirmation,news
clarification,news
correction,news
retraction,news
update,news
announcement,news
event,news
incident,news
development,news
trend,news
phenomenon,news
issue,news
concern,news
crisis,news
scandal,news
controversy,news
debate,news
discussion,news
reaction,news
response,news
criticism,news
comment,news
feedback,news
reaction,news
public,news
audience,news
reader,news
viewer,news
listener,news
consumer,news
subscriber,news
viewer,news
rating,news
viewership,news
readership,news
circulation,news
edition,news
section,news
column,news
byline,news
masthead,news
dateline,news
lead,news
intro,news
body,news
conclusion,news
summary,news
recap,news
synopsis,news
background,news
context,news
implication,news
impact,news
breaking,news
latest,news
update,news
exclusive,news
report,news
story,news
coverage,news
headline,news
article,news
news,news
developments,news
events,news
incidents,news
situations,news
updates,news
newsworthy,news
press,news
media,news
journalist,news
reporter,news
correspondent,news
anchor,news
presenter,news
broadcast,news
coverage,news
footage,news
live,news
interview,news
statement,news
announcement,news
briefing,news
press,news
conference,news
event,news
incident,news
accident,news
disaster,news
crisis,news
emergency,news
tragedy,news
scandal,news
controversy,news
debate,news
discussion,news
analysis,news
commentary,news
opinion,news
perspective,news
point,news
view,news
fact,news
information,news
details,news
data,news
evidence,news
source,news
witness,news
testimony,news
documentation,news
verification,news
confirmation,news
update,news
recap,news
summary,news
overview,news
background,news
context,news
implication,news
impact,news
influence,news
effect,news
outcome,news
result,news
consequence,news
reaction,news
response,news
feedback,news
criticism,news
comment,news
viewer,news
audience,news
reader,news
listener,news
consumer,news
public,news
community,news
citizen,news
resident,news
viewer,news
reader,news
listener,news
recipient,news
consumer,news
viewer,news
audience,news
circulation,news
edition,news
section,news
column,news
byline,news
announcement,news
press,news
release,news
statement,news
news,news
media,news
public,news
company,news
organization,news
business,news
event,news
launch,news
introduction,news
unveiling,news
debut,news
premiere,news
opening,news
revealing,news
introduction,news
presentation,news
disclosure,news
declaration,news
communication,news
information,news
update,news
briefing,news
bulletin,news
report,news
message,news
notice,news
bulletin,news
declaration,news
notice,news
alert,news
memo,news
dispatch,news
communication,news
statement,news
release,news
media,news
advisory,news
public,news
notice,news
announcement,news
presser,news
press,news
conference,news
presser,news
media,news
briefing,news
media,news
release,news
publicity,news
exposure,news
coverage,news
attention,news
coverage,news
exposure,news
attention,news
interest,news
promotion,news
advertisement,news
publicity,news
exposure,news
recognition,news
reputation,news
visibility,news
acknowledgment,news
noticeability,news
popularity,news
fame,news
recognition,news
reputation,news
image,news
brand,news
recognition,news
reputation,news
image,news
branding,news
promotion,news
marketing,news
campaign,news
advertising,news
promotion,news
marketing,news
campaign,news
advertising,news
endorsement,news
sponsorship,news
partnership,news
collaboration,news
cooperation,news
association,news
alliance,news
affiliation,news
connection,news
tie-up,news
link,news
relation,news
relationship,news
connection,news
affiliation,news
association,news
collaboration,news
partnership,news
story,creative writing
plot,creative writing
character,creative writing
setting,creative writing
conflict,creative writing
resolution,creative writing
theme,creative writing
mood,creative writing
tone,creative writing
atmosphere,creative writing
imagery,creative writing
description,creative writing
dialogue,creative writing
monologue,creative writing
soliloquy,creative writing
prose,creative writing
poetry,creative writing
verse,creative writing
rhyme,creative writing
meter,creative writing
stanza,creative writing
line,creative writing
phrase,creative writing
symbolism,creative writing
allegory,creative writing
metaphor,creative writing
simile,creative writing
personification,creative writing
hyperbole,creative writing
irony,creative writing
foreshadowing,creative writing
flashback,creative writing
suspense,creative writing
surprise,creative writing
twist,creative writing
turn,creative writing
revelation,creative writing
climax,creative writing
anticlimax,creative writing
denouement,creative writing
point,creative writing
view,creative writing
first-person,creative writing
second-person,creative writing
third-person,creative writing
limited,creative writing
omniscient,creative writing
stream,creative writing
consciousness,creative writing
narrative,creative writing
protagonist,creative writing
antagonist,creative writing
supporting,creative writing
minor,creative writing
dynamic,creative writing
static,creative writing
round,creative writing
flat,creative writing
foil,creative writing
archetype,creative writing
hero,creative writing
villain,creative writing
sidekick,creative writing
mentor,creative writing
love,creative writing
interest,creative writing
internal,creative writing
external,creative writing
self,creative writing
nature,creative writing
society,creative writing
fate,creative writing
machine,creative writing
supernatural,creative writing
subplot,creative writing
backstory,creative writing
exposition,creative writing
rising,creative writing
action,creative writing
falling,creative writing
frame,creative writing
hook,creative writing
incident,creative writing
catalyst,creative writing
midpoint,creative writing
reversal,creative writing
dilemma,creative writing
peripeteia,creative writing
catastrophe,creative writing
epiphany,creative writing
epilogue,creative writing
conclusion,creative writing
closure,creative writing
writer's,creative writing
block,creative writing
inspiration,creative writing
muse,creative writing
creativity,creative writing
imagination,creative writing
artistry,creative writing
craft,creative writing
technique,creative writing
style,creative writing
voice,creative writing
language,creative writing
diction,creative writing
syntax,creative writing
grammar,creative writing
punctuation,creative writing
choice,creative writing
figurative,creative writing
device,creative writing
alliteration,creative writing
assonance,creative writing
onomatopoeia,creative writing
consonance,creative writing
repetition,creative writing
parallelism,creative writing
anaphora,creative writing
epistrophe,creative writing
chiasmus,creative writing
metonymy,creative writing
synecdoche,creative writing
allusion,creative writing
juxtaposition,creative writing
descriptive,creative writing
evocative,creative writing
vivid,creative writing
sensory,creative writing
visually,creative writing
auditory,creative writing
tactile,creative writing
olfactory,creative writing
gustatory,creative writing
emotional,creative writing
thought-provoking,creative writing
insightful,creative writing
engaging,creative writing
captivating,creative writing
compelling,creative writing
gripping,creative writing
enthralling,creative writing
riveting,creative writing
suspenseful,creative writing
thrilling,creative writing
haunting,creative writing
eerie,creative writing
mysterious,creative writing
intriguing,creative writing
puzzling,creative writing
enigmatic,creative writing
surreal,creative writing
dreamlike,creative writing
magical,creative writing
whimsical,creative writing
fantastical,creative writing
mythical,creative writing
fairy,creative writing
tale,creative writing
legend,creative writing
fable,creative writing
folklore,creative writing
urban,creative writing
mystery,creative writing
thriller,creative writing
horror,creative writing
fantasy,creative writing
science,creative writing
fiction,creative writing
speculative,creative writing
dystopian,creative writing
utopian,creative writing
historical,creative writing
romance,creative writing
adventure,creative writing
action,creative writing
comedy,creative writing
tragedy,creative writing
drama,creative writing
lyric,creative writing
sonnet,creative writing
haiku,creative writing
epic,creative writing
ballad,creative writing
limerick,creative writing
abstract,research
introduction,research
background,research
literature,research
review,research
methodology,research
materials,research
participants,research
procedure,research
data,research
results,research
analysis,research
discussion,research
conclusion,research
findings,research
implications,research
limitations,research
recommendations,research
references,research
citation,research
bibliography,research
hypothesis,research
theory,research
model,research
concept,research
framework,research
variables,research
control,research
experimental,research
sample,research
population,research
study,research
design,research
experimental,research
data,research
collection,research
data,research
analysis,research
statistical,research
regression,research
correlation,research
chi-square,research
t-test,research
anova,research
coefficient,research
significance,research
confidence,research
interval,research
p-value,research
standard,research
deviation,research
mean,research
median,research
mode,research
range,research
variance,research
dependent,research
independent,research
control,research
experimental,research
operationalization,research
measurement,research
instrument,research
questionnaire,research
survey,research
interview,research
observation,research
experiment,research
case,research
field,research
laboratory,research
systematic,research
meta-analysis,research
literature,research
search,research
research,research
question,research
objective,research
aim,research
hypothesis,research
null,research
alternative,research
methodological,research
approach,research
paradigm,research
data,research
validity,research
reliability,research
generalizability,research
validity,research
external,research
internal,research
content,research
construct,research
ethical,research
considerations,research
informed,research
consent,research
confidentiality,research
privacy,research
protection,research
human,research
subjects,research
animal,research
welfare,research
research,research
ethics,research
peer,research
review,research
publication,research
open,research
access,research
impact,research
factor,research
citation,research
index,research
description,technical
features,technical
specifications,technical
functions,technical
components,technical
parts,technical
installation,technical
setup,technical
configuration,technical
assembly,technical
compatibility,technical
requirements,technical
system,technical
hardware,technical
software,technical
getting,technical
started,technical
quick,technical
start,technical
guide,technical
user,technical
manual,technical
owner's,technical
manual,technical
instruction,technical
manual,technical
guide,technical
handbook,technical
reference,technical
guide,technical
troubleshooting,technical
problems,technical
solutions,technical
faqs,technical
troubleshooting,technical
guide,technical
maintenance,technical
cleaning,technical
care,technical
storage,technical
warranty,technical
safety,technical
precautions,technical
warning,technical
caution,technical
important,technical
attention,technical
notes,technical
tips,technical
recommendations,technical
best,technical
practices,technical
usage,technical
operation,technical
control,technical
interface,technical
display,technical
menu,technical
options,technical
settings,technical
modes,technical
operation,technical
guide,technical
usage,technical
instructions,technical
how-to,technical
procedures,technical
processes,technical
workflow,technical
workflow,technical
diagram,technical
illustration,technical
schematic,technical
drawing,technical
label,technical
legend,technical
key,technical
glossary,technical
index,technical
table,technical
of,technical
contents,technical
section,technical
chapter,technical
heading,technical
subheading,technical
bullet,technical
point,technical
list,technical
table,technical
chart,technical
graph,technical
image,technical
picture,technical
screenshot,technical
animation,technical
video,technical
audio,technical
appendix,technical
examples,technical
case,technical
studies,technical
usage,technical
scenarios,technical
technical,technical
documentation,technical
instructional,technical
materials,technical
educational,technical
resources,technical
training,technical
materials,technical
user,technical
support,technical
help,technical
resources,technical
customer,technical
support,technical
feedback,technical
government,government
official,government
document,government
office,government
agency,government
department,government
administration,government
authority,government
bureau,government
ministry,government
commission,government
division,government
branch,government
section,government
unit,government
directorate,government
board,government
committee,government
council,government
task,government
force,government
advisory,government
regulation,government
policy,government
procedure,government
guideline,government
directive,government
protocol,government
legislation,government
law,government
act,government
statute,government
code,government
ordinance,government
regulation,government
rule,government
bylaw,government
order,government
decree,government
executive,government
order,government
presidential,government
decree,government
memorandum,government
circular,government
notice,government
announcement,government
notification,government
correspondence,government
letter,government
email,government
memo,government
report,government
briefing,government
summary,government
minutes,government
agenda,government
resolution,government
statement,government
declaration,government
press,government
release,government
speech,government
address,government
communique,government
statement,government
proposal,government
recommendation,government
request,government
application,government
form,government
submission,government
permit,government
license,government
certificate,government
authorization,government
registration,government
approval,government
verification,government
validation,government
accreditation,government
authentication,government
confirmation,government
endorsement,government
compliance,government
review,government
evaluation,government
assessment,government
audit,government
inspection,government
investigation,government
inquiry,government
research,government
study,government
analysis,government
assessment,government
evaluation,government
monitoring,government
surveillance,government
oversight,government
control,government
supervision,government
management,government
administration,government
coordination,government
collaboration,government
cooperation,government
partnership,government
agreement,government
contract,government
treaty,government
accord,government
memorandum,government
of,government
understanding,government
(mou),government
protocol,government
pact,government
alliance,government
coalition,government
compact,government
covenant,government
entente,government
convention,government
negotiation,government
mediation,government
arbitration,government
diplomacy,government
dialogue,government
discussion,government
consultation,government
meeting,government
conference,government
summit,government
session,government
roundtable,government
workshop,government
seminar,government
training,government
orientation,government
induction,government
development,government
program,government
initiative,government
project,government
task,government
assignment,government
plan,government
strategy,government
policy,government
procedure,government
protocol,government
guideline,government
directive,government
regulation,government
rule,government
code,government
standard,government
benchmark,government
objective,government
goal,government
target,government
performance,government
evaluation,government
review,government
analysis,government
report,government
audit,government
assessment,government
monitoring,government
surveillance,government
inspection,government
oversight,government
compliance,government
enforcement,government
implementation,government
action,government
initiative,government
strategy,government
plan,government
program,government
project,government
task,government
activity,government
operation,government
function,government
service,government
process,government
procedure,government
protocol,government
system,government
framework,government
structure,government
method,government
approach,government
practice,government
model,government
strategy,government
tactic,government
technique,government
methodology,government
approach,government
principle,government
rule,government
guideline,government
standard,government


