word,category
financial,financial
statement,financial
balance,financial
sheet,financial
income,financial
cash,financial
flow,financial
assets,financial
liabilities,financial
equity,financial
revenue,financial
expenses,financial
profit,financial
loss,financial
net,financial
gross,financial
margin,financial
operating,financial
cost,financial
depreciation,financial
amortization,financial
interest,financial
tax,financial
ebitda,financial
audit,financial
accounting,financial
bookkeeping,financial
ledger,financial
transaction,financial
bank,financial
loan,financial
credit,financial
debit,financial
investment,financial
dividend,financial
share,financial
stock,financial
bond,financial
market,financial
value,financial
return,financial
risk,financial
rate,financial
currency,financial
exchange,financial
foreign,financial
hedging,financial
derivative,financial
valuation,financial
portfolio,financial
management,financial
capital,financial
budget,financial
forecast,financial
analysis,financial
liquidity,financial
solvency,financial
efficiency,financial
ratio,financial
benchmark,financial
reporting,financial
disclosure,financial
standard,financial
gaap,financial
ifrs,financial
sec,financial
annual,financial
quarterly,financial
fiscal,financial
year,financial
earnings,financial
recognition,financial
expenditure,financial
operating,financial
investing,financial
financing,financial
working,financial
receivable,financial
payable,financial
debt,financial
ebit,financial
profitability,financial
income,financial
expense,financial
amortization,financial
turnover,financial
investment,financial
dcf,financial
npv,financial
write-off,financial
reserves,financial
revaluation,financial
per,financial
share,financial
eps,financial
yield,financial
coverage,financial
roa,financial
roe,financial
dcf,financial
npv,financial
compliance,financial
fraud,financial
divestiture,financial
merger,financial
acquisition,financial
model,financial
forecasting,financial
projections,financial
benchmarking,financial
word,category
legal,legal
statement,legal
balance,legal
sheet,legal
income,legal
cash,legal
flow,legal
assets,legal
liabilities,legal
equity,legal
revenue,legal
expenses,legal
profit,legal
loss,legal
net,legal
gross,legal
margin,legal
operating,legal
cost,legal
depreciation,legal
amortization,legal
interest,legal
tax,legal
ebitda,legal
audit,legal
accounting,legal
bookkeeping,legal
ledger,legal
transaction,legal
bank,legal
loan,legal
credit,legal
debit,legal
investment,legal
dividend,legal
share,legal
stock,legal
bond,legal
market,legal
value,legal
return,legal
risk,legal
rate,legal
currency,legal
exchange,legal
foreign,legal
hedging,legal
derivative,legal
valuation,legal
portfolio,legal
management,legal
capital,legal
budget,legal
forecast,legal
analysis,legal
liquidity,legal
solvency,legal
efficiency,legal
ratio,legal
benchmark,legal
reporting,legal
disclosure,legal
standard,legal
gaap,legal
ifrs,legal
sec,legal
annual,legal
quarterly,legal
fiscal,legal
year,legal
earnings,legal
recognition,legal
expenditure,legal
operating,legal
investing,legal
financing,legal
working,legal
receivable,legal
payable,legal
debt,legal
ebit,legal
profitability,legal
income,legal
expense,legal
amortization,legal
turnover,legal
investment,legal
dcf,legal
npv,legal
write-off,legal
reserves,legal
revaluation,legal
per,legal
share,legal
eps,legal
yield,legal
coverage,legal
roa,legal
roe,legal
dcf,legal
npv,legal
compliance,legal
fraud,legal
divestiture,legal
merger,legal
acquisition,legal
model,legal
forecasting,legal
projections,legal
benchmarking,legal
agreement,legal
contract,legal
parties,legal
terms,legal
conditions,legal
payment,legal
delivery,legal
effective,legal
amendment,legal
term,legal
termination,legal
obligations,legal
confidentiality,legal
indemnification,legal
representations,legal
warranties,legal
liability,legal
jurisdiction,legal
dispute,legal
resolution,legal
governing,legal
law,legal
compensation,legal
mutual,legal
binding,legal
renewal,legal
license,legal
royalties,legal
exclusivity,legal
insurance,legal
audit,legal
notices,legal
conflicts,legal
force majeure,legal
compliance,legal
assignment,legal
waiver,legal
severability,legal
entire agreement,legal
execution,legal
date,legal
authorized,legal
representative,legal
survival,legal
amendments,legal
performance,legal
breach,legal
remedies,legal
negotiate,legal
counterparts,legal
expenses,legal
applicable law,legal
confidential information,legal
reasonable,legal
good faith,legal
interpretation,legal
enforceable,legal
invalid,legal
void,legal
amend,legal
execute,legal
ratify,legal
understand,legal
cooperate,legal
recitals,legal
approval,legal
consent,legal
authority,legal
negotiation,legal
counterparty,legal
jurisdictional,legal
obligated,legal
notification,legal
force majeure event,legal
cooperation,legal
binding upon,legal
expirations,legal
dispute arising,legal
entire understanding,legal
hereinafter,legal
forthwith,legal
word,category
medical,medical
patient,medical
record,medical
medical,medical
history,medical
examination,medical
diagnosis,medical
treatment,medical
prescription,medical
medication,medical
dosage,medical
symptoms,medical
condition,medical
allergies,medical
vital,medical
signs,medical
lab,medical
results,medical
procedure,medical
consultation,medical
referral,medical
insurance,medical
coverage,medical
billing,medical
payment,medical
appointment,medical
follow-up,medical
admission,medical
discharge,medical
prognosis,medical
recovery,medical
disability,medical
genetic,medical
screening,medical
immunization,medical
counseling,medical
therapy,medical
rehabilitation,medical
preventive,medical
care,medical
surgery,medical
anesthesia,medical
complication,medical
medication,medical
interaction,medical
side,medical
effects,medical
pharmacy,medical
dispense,medical
dosage,medical
compliance,medical
healthcare,medical
provider,medical
physician,medical
nurse,medical
specialist,medical
pharmacist,medical
paramedic,medical
laboratory,medical
technician,medical
radiologist,medical
dietician,medical
anesthesiologist,medical
phlebotomist,medical
insurance,medical
company,medical
policy,medical
coverage,medical
benefits,medical
claim,medical
authorization,medical
deductible,medical
copayment,medical
hipaa,medical
privacy,medical
informed,medical
consent,medical
advance,medical
directive,medical
emergency,medical
contact,medical
medical,medical
history,medical
family,medical
history,medical
genetic,medical
information,medical
primary,medical
care,medical
specialty,medical
care,medical
emergency,medical
care,medical
urgent,medical
care,medical
chronic,medical
acute,medical
prognosis,medical
diagnosis,medical
treatment,medical
medication,medical
prescription,medical
referral,medical
laboratory,medical
test,medical
imaging,medical
scan,medical
procedure,medical
surgery,medical
recovery,medical
follow-up,medical
complication,medical
symptom,medical
pain,medical
discomfort,medical
fatigue,medical
nausea,medical
dizziness,medical
shortness,medical
of,medical
breath,medical
fever,medical
headache,medical
insomnia,medical
depression,medical
anxiety,medical
diet,medical
exercise,medical
lifestyle,medical
smoking,medical
alcohol,medical
substance,medical
abuse,medical
screening,medical
vaccination,medical
immunization,medical
preventive,medical
care,medical
wellness,medical
health,medical
education,medical
counseling,medical
rehabilitation,medical
physical,medical
therapy,medical
occupational,medical
therapy,medical
speech,medical
therapy,medical
assistive,medical
devices,medical
home,medical
care,medical
hospice,medical
care,medical
palliative,medical
care,medical
insurance,medical
claim,medical
billing,medical
payment,medical
coverage,medical
authorization,medical
deductible,medical
copayment,medical
out-of-pocket,medical
eob,medical
explanation,medical
of,medical
benefits,medical
support,medical
doctor,medical
paramedics,medical
psychiatric,medical
psychiatrist,medical
games,educational
visual,educational
aids,educational
audiovisual,educational
materials,educational
manipulatives,educational
teaching,educational
aids,educational
reference,educational
books,educational
software,educational
online,educational
courses,educational
e-books,educational
reference,educational
materials,educational
videos,educational
learning,educational
modules,educational
posters,educational
activity,educational
sheets,educational
assessment,educational
materials,educational
lab,educational
equipment,educational
teaching,educational
models,educational
puzzles,educational
toys,educational
multimedia,educational
resources,educational
digital,educational
textbooks,educational
online,educational
databases,educational
apps,educational
simulations,educational
classroom,educational
displays,educational
demonstrations,educational
graphic,educational
organizers,educational
interactive,educational
activities,educational
learning,educational
kits,educational
classroom,educational
manipulatives,educational
diagrams,educational
multimedia,educational
presentations,educational
experiments,educational
online,educational
tutorials,educational
websites,educational
learning,educational
games,educational
charts,educational
teaching,educational
manipulatives,educational
projects,educational
science,educational
kits,educational
articles,educational
podcasts,educational
assessments,educational
learning,educational
software,educational
interactive,educational
lessons,educational
instructional,educational
materials,educational
journals,educational
posters,educational
teaching,educational
resources,educational
workbooks,educational
audiobooks,educational
dvds,educational
simulations,educational
lectures,educational
quizzes,educational
maps,educational
diagrams,educational
infographics,educational
presentations,educational
aids,educational
documents,educational
handbooks,educational
flashcards,educational
questionnaires,educational
exercises,educational
materials,educational
resources,educational
manuals,educational
guides,educational
blueprints,educational
models,educational
portfolios,educational
outlines,educational
agendas,educational
objectives,educational
summaries,educational
schedules,educational
tools,educational
modules,educational
libraries,educational
papers,educational
kits,educational
notes,educational
tutorials,educational
calculators,educational
websites,educational
databases,educational
study,educational
lecture,educational
research,educational
exam,educational
assignment,educational
homework,educational
quiz,educational
knowledge,educational
learning,educational
teaching,educational
classroom,educational
school,educational
college,educational
university,educational
student,educational
teacher,educational
professor,educational
curriculum,educational
syllabus,educational
subject,educational
discipline,educational
class,educational
course,educational
module,educational
lesson,educational
chapter,educational
textbook,educational
notebook,educational
pen,educational
pencil,educational
eraser,educational
marker,educational
whiteboard,educational
blackboard,educational
chalk,educational
desk,educational
chair,educational
library,educational
reading,educational
writing,educational
note-taking,educational
grading,educational
evaluation,educational
assessment,educational
feedback,educational
grade,educational
score,educational
pass,educational
fail,educational
research,educational
paper,educational
academic,educational
journal,educational
publication,educational
citation,educational
reference,educational
bibliography,educational
abstract,educational
keywords,educational
analysis,educational
conclusion,educational
hypothesis,educational
experiment,educational
methodology,educational
results,educational
discussion,educational
presentation,educational
slides,educational
poster,educational
conference,educational
seminar,educational
workshop,educational
webinar,educational
lesson,educational
plan,educational
teaching,educational
strategy,educational
pedagogy,educational
andragogy,educational
online,educational
learning,educational
e-learning,educational
blended,educational
learning,educational
flipped,educational
classroom,educational
educational,educational
technology,educational
digital,educational
resources,educational
learning,educational
management,educational
system,educational
virtual,educational
classroom,educational
online,educational
assessment,educational
professional,educational
development,educational
